Spotify Streams,Spotify Playlist Count,Youtube Likes,TikTok Likes,Apple Music Playlist Count,Amazon Playlist Count,Explicit Track
3583698,866,442839,191090,693,942,Yes
4035532,78,309741,488183,890,354,No
790180,141,240502,102622,51,61,Yes
9273322,196,240034,385248,369,509,Yes
5218579,501,154420,331609,22,19,Yes
3337157,65,265975,423365,172,65,No
2452537,726,287399,189822,750,989,No
8363608,600,202224,63758,562,180,No
6532060,612,125531,325225,168,467,Yes
1390612,485,37831,248465,479,700,No
1939589,324,458887,74643,794,678,No
3794913,690,174296,259325,974,160,Yes
9859101,208,321968,53083,45,200,Yes
9685914,394,466370,267719,567,393,Yes
6115679,770,374780,498638,322,976,Yes
2658705,404,259672,466574,139,565,No
9851506,876,252574,328285,679,662,Yes
6766884,133,405729,357403,873,678,Yes
2918125,507,74194,68494,684,662,No
3381034,970,310411,472787,701,118,Yes
1564796,229,353341,11665,442,869,Yes
8448346,458,281842,447934,315,831,Yes
3681123,765,186413,41819,750,867,Yes
2814351,317,346733,286820,551,837,No
4880819,644,315455,189677,301,77,No
9744150,243,470537,67709,29,147,No
312704,897,60948,258597,100,762,Yes
9190027,787,311002,291879,797,946,No
5876556,379,143753,399600,574,954,No
9573930,710,56594,460211,14,544,No
7396537,113,213985,133732,411,350,Yes
3321157,713,79054,47612,338,120,No
5681078,832,115179,315005,928,860,Yes
4327926,67,283868,189986,694,855,No
5612162,916,54910,118218,295,411,Yes
111859,906,66365,409897,645,405,Yes
6283237,680,230309,128560,381,826,No
9439337,915,68565,312250,674,225,No
1707393,461,214683,287824,927,874,Yes
8833017,264,90325,489369,487,452,No
2270579,610,498406,224559,929,141,No
1439190,841,39670,283142,632,157,No
3290058,671,87815,210802,276,678,Yes
1550240,918,292800,86774,264,466,No
9275970,753,408394,217980,320,159,No
4326054,13,198575,372068,298,566,No
9776044,910,351122,260393,358,262,Yes
8824425,626,8955,116539,51,325,No
4376520,731,485243,208401,878,881,No
4744746,519,389866,265250,691,891,Yes
7613562,178,365715,187848,434,350,Yes
3135223,371,393065,171753,212,179,Yes
5571811,444,231872,242590,380,715,No
5878134,978,331492,156755,484,534,Yes
5564006,391,205365,231122,393,608,No
1474593,789,486017,345514,799,523,Yes
9766658,707,185046,5212,864,677,No
9639276,79,127968,224108,632,587,No
3498837,329,278374,128134,260,924,No
3201496,642,267822,139974,760,820,No
3634673,100,22326,187064,291,113,Yes
6487184,58,283032,451445,520,20,No
8282733,909,278682,257360,89,778,No
271551,725,47638,19496,553,532,No
8844536,418,414048,285144,559,62,Yes
8790412,483,48666,430238,280,826,No
7298261,671,226256,456383,736,764,No
8648879,244,438461,255612,226,792,Yes
6921620,442,247600,411175,141,967,Yes
4296420,553,72989,357792,898,612,Yes
7570612,897,271263,149484,37,22,No
4427206,889,495738,173265,720,410,No
2590996,994,446738,97637,85,312,Yes
3654032,351,475009,430743,497,553,No
810116,928,57221,195283,805,294,Yes
7232143,167,115139,327592,736,897,No
3473087,339,499935,133704,231,188,No
9526943,806,317589,201370,603,522,No
9199835,393,227735,200733,851,224,Yes
4255041,15,485580,173998,801,296,No
6664206,559,444417,39929,763,959,No
6904581,215,73834,91663,460,284,Yes
836322,390,375277,177952,660,436,No
177410,326,238851,274674,769,247,No
7132043,714,299609,144709,64,768,Yes
4503033,29,169191,479854,93,683,Yes
930361,277,398356,481583,522,893,No
4221080,814,189829,415499,689,508,No
6075474,217,141826,198130,381,989,No
5572869,276,438193,405169,992,924,Yes
5441454,390,342016,222959,857,571,No
1257768,951,131380,468289,661,652,Yes
7313847,230,326173,111048,197,231,Yes
8422285,376,58468,207689,832,857,Yes
6310642,271,456784,423266,298,802,Yes
912935,903,242059,39722,650,249,Yes
1150197,409,190668,499121,856,368,Yes
8614099,3,281316,259235,973,920,Yes
1431764,31,223710,52481,605,84,No
2418458,333,216953,55278,675,90,No
6650867,422,43995,15324,32,252,Yes
6335551,357,322109,408669,579,660,Yes
2235661,343,88125,95249,540,753,No
6598932,2,120319,128965,430,240,Yes
2929889,127,80820,393988,258,188,No
3826440,980,156616,224552,554,992,Yes
6036582,760,112157,424678,279,261,No
2220256,818,166429,174616,451,564,Yes
6731589,209,379615,79676,370,186,Yes
4515725,882,254431,295593,681,18,No
341068,451,185108,280376,868,809,No
5087904,248,113946,103166,690,402,No
9107902,402,92716,488324,690,106,No
1803854,62,246936,257481,308,171,No
7450334,353,112669,292484,164,581,No
2685084,219,295959,207369,510,68,Yes
6678667,458,305405,266031,755,347,No
5341636,142,182022,190004,492,36,Yes
3310276,798,242602,11009,62,119,No
8170727,844,165677,28027,724,923,Yes
4172873,896,363574,495938,244,690,No
3768244,458,233945,2123,78,753,No
2425221,380,138630,10377,236,58,No
9424179,566,61691,322151,416,632,Yes
9428149,171,287702,381460,898,433,Yes
5427179,823,43378,108260,835,71,No
8374763,742,135677,198657,287,547,Yes
6565572,573,298140,163224,646,727,Yes
8340777,263,43598,372910,441,73,No
320896,260,105938,68151,909,848,Yes
9062620,196,88194,187404,747,493,Yes
2933161,347,378638,49891,136,707,Yes
5702298,349,202933,313753,22,90,Yes
8286441,514,209930,474868,834,575,Yes
5448968,968,29777,278439,429,471,No
251283,612,311135,121873,840,705,No
2253641,790,109615,108183,549,597,No
8182621,331,142333,373872,483,707,No
7031441,369,434847,215194,82,755,Yes
3635071,39,181158,260860,706,790,Yes
1105748,510,458375,232108,793,173,No
4228386,287,177624,237854,203,236,No
1287672,402,167422,51777,219,148,Yes
6861938,677,347394,171283,205,578,No
4513120,813,97835,322736,203,39,No
5755311,61,483276,460478,903,546,Yes
5353409,566,251000,228129,748,573,Yes
8424207,141,261535,409860,101,835,No
3955366,144,274151,499513,880,30,No
1524297,828,15180,205652,724,47,No
6941449,148,140382,286539,707,252,No
6070361,745,38999,396517,756,382,No
8196677,25,334655,144507,881,499,Yes
9234555,77,486474,207205,537,829,No
2441764,227,224219,431430,887,441,Yes
6447100,86,439707,332404,571,627,Yes
5473057,437,324387,48172,800,996,Yes
8620483,656,20224,360081,98,384,No
2937207,462,345571,79235,163,303,No
3487781,218,185922,182206,913,66,Yes
9574154,202,128073,54990,205,128,Yes
4409769,992,30244,234019,230,966,Yes
2871635,394,305442,32152,215,38,Yes
3102627,67,107638,418340,502,525,Yes
7132672,231,110919,257740,762,903,No
2544634,819,325699,420282,327,350,No
543583,466,180298,468679,721,155,Yes
2044094,568,266395,444966,562,572,Yes
4647390,822,187257,445092,890,4,No
92723,81,345835,393872,487,137,No
9713481,582,435025,333597,209,991,Yes
3373836,848,70578,102294,525,149,Yes
5627706,247,397989,142471,370,200,No
2414057,32,433055,114206,630,720,No
4577657,799,364590,295144,299,508,No
682554,124,130166,394907,686,377,No
2661394,277,375498,60096,357,428,Yes
4902578,341,460365,238035,67,749,Yes
3306692,136,53856,145852,822,376,Yes
3987651,318,388559,2033,994,338,Yes
4077352,449,297649,269399,14,538,No
5213843,99,97039,350247,769,192,No
5754042,141,179347,155420,466,314,Yes
3016795,820,469769,256245,250,129,No
2636891,485,67287,10161,168,822,No
5786191,939,424656,193654,190,198,No
8836807,879,358227,405779,204,875,No
9777146,650,106989,396925,996,550,No
8965509,375,386984,221895,664,276,No
250329,371,318732,443062,73,834,No
9101401,841,210212,79192,141,786,Yes
1684753,12,280841,104203,385,28,No
2514851,145,38094,74581,679,471,No
5385502,548,474060,32958,586,16,Yes
7698195,868,240007,371899,99,570,Yes
1756816,702,349576,474521,978,740,Yes
4506336,245,47923,249018,905,181,No
313832,668,10300,64352,453,810,No
7827426,64,401442,466972,491,332,No
9518974,307,188882,310121,962,234,Yes
1482194,144,10501,49935,309,769,Yes
2633853,48,83619,446433,499,745,No
5212088,773,194958,240710,414,514,Yes
1627578,91,80305,217058,242,666,No
7343735,993,198217,368878,757,371,Yes
8833449,730,417581,472993,894,335,No
5268080,479,175119,326696,767,993,Yes
6820959,644,171651,151892,512,934,No
6924735,657,93429,286677,292,389,Yes
5486688,916,337761,253392,101,565,No
2491638,175,366157,428778,416,337,Yes
8732685,111,236865,423203,932,14,No
5823650,511,135761,246657,682,586,No
831260,784,301770,94466,31,208,Yes
8383170,836,361850,66965,223,864,No
2105354,505,129427,274469,109,51,No
5317215,564,243118,214518,180,694,Yes
3411262,936,267880,235982,162,234,Yes
2618673,294,104906,405129,660,498,No
2073426,648,231879,191821,457,646,No
2916404,409,160274,167337,871,976,No
1943212,63,86714,128338,75,684,Yes
6730577,884,449184,322375,157,491,No
1618013,648,429348,140572,500,285,Yes
14880,574,69284,159341,139,145,No
3280084,379,246747,405399,295,579,No
2909145,453,221247,10301,858,218,Yes
3663007,588,278346,206288,645,554,No
5414234,868,316556,42132,490,374,No
8350712,925,283238,447924,105,763,Yes
6440791,579,305720,9311,676,558,No
4859100,804,497624,344668,825,604,No
6477203,947,178130,37586,448,368,No
7898110,763,278093,15120,482,100,No
3856626,427,340421,120927,108,941,Yes
4686915,236,209501,243475,666,597,No
7863396,940,8719,130092,219,729,No
4644566,650,442044,281852,868,287,Yes
7245251,146,240226,333255,138,959,No
2266755,79,434751,216357,209,618,No
5840864,451,65976,286654,246,94,No
3545953,462,358086,154163,801,586,Yes
1342236,408,495477,251550,718,436,Yes
8593406,288,271490,76997,605,692,No
675096,385,107400,14056,234,279,Yes
6326807,639,224581,378726,964,282,No
5891171,528,9841,373926,703,202,Yes
9265308,891,85286,333440,787,310,Yes
4352462,171,459983,172309,815,898,No
6821488,518,429870,358654,23,910,No
2234707,589,334860,184442,136,499,Yes
375399,896,388729,284664,912,998,Yes
9616430,104,150105,303949,221,335,No
8717617,710,146842,411118,662,461,No
438457,771,492885,4330,525,450,Yes
4940706,603,173803,177859,502,492,No
167373,673,177454,311659,816,456,Yes
955806,859,303049,99941,264,800,Yes
9585799,435,63364,168063,452,316,No
3830727,540,167243,353450,557,585,No
8631137,797,156510,385694,131,585,Yes
3746318,786,469352,376225,228,656,No
8811852,567,425487,498568,751,114,No
1150319,590,181929,392325,857,270,Yes
2506552,571,391514,480691,565,988,Yes
225130,991,195440,227678,769,898,No
9310336,824,301739,199836,145,942,Yes
5431803,792,394872,347058,655,154,No
2985769,792,334496,216354,663,703,Yes
3709159,964,347810,409783,215,510,No
1796369,543,374249,133414,178,328,No
8535751,46,52888,152521,265,697,No
7720252,325,100933,391251,28,850,No
8703499,632,11834,280316,183,554,No
9745001,220,290698,309562,408,556,No
9682796,774,392851,236214,715,496,Yes
9972589,305,254807,289658,91,790,No
2185954,248,346494,485976,284,565,Yes
45480,998,42462,419985,642,512,Yes
4132045,872,382700,249660,289,336,Yes
9554359,918,204582,488936,66,121,Yes
9088021,800,249259,469294,519,132,No
1851689,932,403059,19940,637,775,No
9365323,840,240796,348060,438,873,No
2093911,378,77974,80854,578,507,Yes
2328914,790,164702,461892,266,973,No
711551,791,230914,91006,377,410,No
9461993,614,172582,321528,285,457,Yes
1999108,427,316914,190683,158,114,Yes
3201934,881,244075,21509,278,887,No
1672451,73,274684,34940,712,767,Yes
4283473,863,451764,435843,293,379,No
6635055,725,259822,18524,510,532,Yes
7847330,449,170701,58201,794,960,No
6158341,155,209031,247436,727,665,No
2458691,39,418443,253680,273,691,Yes
3026961,494,419013,349712,416,190,Yes
6818591,186,437329,239773,974,546,Yes
8369172,339,318800,384102,525,971,Yes
6430002,479,81630,263451,668,921,No
8700860,569,11441,180743,752,603,No
2821811,552,267070,196978,554,735,No
5747240,378,428902,250535,842,629,Yes
2629230,340,424233,421028,886,721,Yes
7886100,549,200239,15928,802,112,Yes
6737798,463,408055,160115,855,612,No
3464245,40,472205,455094,681,808,Yes
3658734,883,475735,76947,765,172,Yes
2094540,414,97573,478980,660,968,Yes
8691908,114,170864,447618,544,576,No
9939986,823,282441,202662,596,539,Yes
2875002,64,105434,26583,783,730,No
4584906,219,242452,299199,938,968,No
2995355,8,75705,483551,516,438,No
8671842,107,146711,427518,124,925,Yes
5788207,828,32144,320858,390,287,Yes
9286161,898,324737,484689,383,507,Yes
1075555,338,411532,227193,96,833,No
6432172,671,213272,112883,734,170,No
9129229,301,348887,234097,116,351,No
9296319,306,365688,112428,622,353,Yes
3603050,262,304875,123985,363,481,No
5643818,840,206189,430899,364,785,No
5117305,965,267546,71539,967,39,Yes
5881594,823,140654,75303,787,987,Yes
7209224,669,24291,221879,950,33,No
4586205,925,110072,204911,910,550,Yes
8322477,634,250857,56536,543,149,No
9940975,70,483011,183728,26,913,No
6459563,509,272303,354239,229,308,No
8989894,860,222584,49085,540,405,No
1751353,253,373622,162944,370,613,Yes
4553393,990,184413,70747,636,752,Yes
8604930,30,349276,107256,311,502,No
3933355,403,77605,49931,430,958,Yes
6880485,981,499199,284476,446,268,Yes
6199455,557,450843,256633,25,197,Yes
2461374,726,189173,474584,516,604,Yes
3501018,715,304759,465868,536,469,Yes
2883821,506,12616,105510,40,257,No
8156350,614,251244,119707,288,673,No
109729,339,381103,357311,967,116,No
382015,838,410684,108210,950,830,No
8546746,283,151001,311483,415,260,Yes
5915492,387,311477,127926,442,388,Yes
285608,426,435913,141244,403,438,No
683425,454,343098,249890,755,38,Yes
174136,428,459529,250777,88,995,No
2627886,892,402270,244065,239,411,No
7209331,308,91386,66872,28,245,No
4364080,680,107398,310567,925,766,Yes
8253968,422,87891,239146,153,765,No
3688532,113,371973,173541,765,192,Yes
3925266,156,242941,1872,697,683,Yes
2130467,60,84790,432978,991,295,No
6398763,925,279552,284940,284,798,Yes
2086746,622,297406,264586,554,317,Yes
6131199,213,251891,34317,820,428,Yes
2778554,71,384866,483105,255,298,No
3089448,720,426219,417123,640,24,Yes
9636998,893,41243,262934,462,825,No
5496473,908,276012,431020,487,621,No
6539117,130,76834,250985,16,382,No
3548299,692,380716,223264,22,974,Yes
7603867,460,206043,480249,279,926,Yes
931647,666,472559,316812,592,793,No
296625,405,491242,480866,174,588,Yes
3115840,648,1808,202024,129,979,No
1338551,564,108641,496529,610,315,No
8928976,25,406310,173769,236,860,Yes
9311037,886,116593,72657,412,189,Yes
1569400,698,75558,131006,354,163,Yes
7040585,955,254471,284691,323,227,No
8025957,750,417277,342306,30,64,Yes
8557716,21,221781,495505,924,38,No
5638420,333,153441,56077,673,756,Yes
7061278,692,262743,393184,142,392,Yes
9813931,857,315166,475610,150,501,No
3259977,754,395845,96525,152,268,No
7635498,487,435998,14327,901,745,No
1914492,162,319118,51969,978,3,Yes
1271192,161,418114,209463,56,587,No
7261504,298,282491,55674,491,190,Yes
1308786,336,260836,315549,645,684,Yes
6496567,665,189630,31137,658,584,No
3551100,908,436301,226007,531,327,Yes
4160913,483,55773,480453,474,526,No
238738,617,96982,486734,714,799,Yes
7660544,683,461845,251337,527,668,No
9274517,613,499955,284835,827,484,No
9584868,702,379202,450178,307,215,No
8632018,65,55801,269911,991,865,Yes
6621882,86,283254,97826,923,769,Yes
7159844,743,466523,392090,680,217,No
71148,466,1143,244610,329,680,Yes
1066614,161,300365,283344,532,30,Yes
126373,188,479960,81101,762,940,No
285707,445,427215,115201,774,909,Yes
6976358,243,452722,294977,409,357,Yes
8128344,944,321785,158350,919,438,No
132344,524,232703,217668,701,371,Yes
5304932,257,243383,324579,773,664,No
7305351,607,357514,309715,748,621,Yes
4694369,255,216938,12006,795,296,No
880015,794,418960,222311,753,752,No
9148958,177,370764,266224,893,345,Yes
6497301,655,59201,402320,235,886,Yes
9233252,696,250394,223633,995,586,No
657463,951,139215,289725,355,511,No
3665564,942,48101,360652,930,486,Yes
2397850,786,489680,13371,265,249,No
6129731,523,409712,61748,178,669,Yes
7634699,413,388216,375645,934,555,No
4305531,811,305187,164399,494,154,No
4767683,248,449001,375483,5,410,Yes
2322292,230,333978,112250,394,400,No
832866,197,297064,311052,294,21,No
6319010,457,241284,482557,378,566,Yes
1063622,691,198920,192703,641,636,Yes
8398233,565,359703,333388,214,704,No
6282402,930,379010,274243,116,883,No
5602550,812,234987,484781,390,812,Yes
9426724,109,207962,158776,72,880,No
7193122,301,95558,465769,770,264,No
5507394,467,3502,450435,679,162,Yes
8063953,52,84162,393989,176,850,Yes
121605,953,50660,189029,721,373,Yes
6169785,331,112267,120363,902,452,Yes
2198675,877,479877,215348,790,776,No
8682370,250,484504,368044,817,547,No
4181671,844,109133,22684,72,302,Yes
5579317,781,419027,1650,935,453,Yes
1265814,402,302135,479464,575,250,No
7783388,78,496651,134813,937,808,No
8586705,956,188924,235670,60,848,Yes
8797706,12,130281,286230,342,741,Yes
9960976,794,145192,261209,50,506,Yes
8487185,360,309802,251786,305,7,Yes
3102038,646,105297,138427,463,118,Yes
6703236,289,128027,487884,475,216,Yes
7009181,311,451221,354752,621,748,No
8692584,358,180580,309221,18,437,No
6291000,69,302557,102697,734,857,No
435202,226,383982,319988,231,36,Yes
53195,499,320575,14725,389,535,Yes
6148257,649,438060,129479,579,742,Yes
7065162,590,494229,95116,165,131,Yes
5411905,590,118970,88971,774,599,No
1246116,509,430302,272028,49,252,Yes
6994401,557,85851,384527,594,407,No
7560654,813,257587,39563,235,848,Yes
6708062,220,91644,118547,384,469,No
8027034,95,55154,343985,157,375,Yes
7037993,530,264940,120806,373,820,No
2833059,268,1361,127209,61,620,No
1966104,239,392748,35992,146,562,No
9701551,3,189938,44694,996,44,Yes
8875261,639,282725,34773,895,61,No
693109,323,372310,459413,603,596,No
4787324,671,213398,371058,194,250,Yes
9400268,731,465652,187156,682,302,No
7958087,858,263986,101218,55,520,Yes
3986317,712,272398,7062,789,738,Yes
2492454,530,452200,182159,933,302,Yes
5605477,836,313246,146934,673,391,Yes
1003412,811,4495,295689,638,135,No
4114208,903,200802,68733,208,513,No
4915357,255,334870,272563,188,54,No
8243198,367,146685,448292,782,109,No
9629772,644,381857,490614,79,910,No
300929,54,5575,447467,128,450,Yes
515745,149,489871,451858,102,149,Yes
646153,608,467034,304864,121,935,No
209639,841,218821,131553,9,901,No
3414131,965,401452,489920,329,692,No
6869146,850,398183,375185,295,349,No
156967,331,368784,134564,154,606,Yes
6894720,252,358938,232152,75,353,No
5481689,409,60928,426991,78,564,No
6530305,880,51442,220097,947,168,Yes
7317030,878,108675,146638,162,488,Yes
4180725,700,482661,455496,520,263,Yes
8834686,379,176290,415423,866,897,No
797122,113,214793,361800,85,658,Yes
4213189,560,238996,59887,717,170,No
2452108,147,51359,188816,975,77,Yes
7619925,777,490445,457750,493,298,Yes
4157030,440,265586,326731,548,425,No
2640598,451,193499,307593,559,843,No
694773,815,109407,235991,651,543,No
7023489,916,428159,328865,174,761,Yes
8396430,632,446762,269565,171,134,Yes
5200046,856,19761,51418,882,24,No
9273169,875,361152,390988,289,540,No
2198954,903,15369,47822,760,192,No
3982000,289,252138,378107,173,334,Yes
2291099,612,298283,471295,819,797,Yes
4554813,856,304401,196272,701,248,Yes
6848171,942,282244,451021,443,416,No
2838253,486,305492,216721,616,130,Yes
5346396,656,86287,365504,131,387,Yes
724215,792,56790,269743,298,696,No
1711459,830,301563,105900,94,943,No
8297896,649,194880,99685,177,469,No
1131454,57,309353,462692,447,166,No
785176,366,115059,374694,491,304,Yes
5200636,4,438151,178474,173,534,No
8544440,323,1287,385144,649,437,No
1020965,846,17701,228465,13,455,No
5850065,608,416359,444143,497,347,No
6579583,877,491889,468746,683,624,Yes
1345955,852,129352,128886,966,159,Yes
3410380,859,273120,24191,966,697,No
4552821,383,2204,121666,903,604,Yes
7781050,104,99862,265170,174,78,Yes
9037972,840,488997,244170,388,450,Yes
1642248,192,154574,298714,215,129,No
3164069,38,219697,63547,753,300,Yes
1481000,494,377979,145704,939,392,No
715733,214,433105,333478,762,390,No
3594119,461,250752,233043,104,458,Yes
9830253,888,484764,345246,660,785,Yes
5455468,743,498438,298245,411,250,Yes
2898154,589,356517,451581,241,596,Yes
5171970,211,132581,499437,458,874,No
3705171,38,72568,38226,469,802,Yes
6841716,853,206779,458970,118,620,No
9890174,649,471544,262359,167,913,Yes
73161,338,89391,159278,562,524,Yes
9219349,804,200817,36554,621,745,Yes
6240147,852,39518,332340,462,213,Yes
1961885,226,431780,271009,572,330,No
6435165,794,135789,297138,150,89,No
7035880,307,150077,68295,299,531,Yes
2918279,975,398164,173966,427,883,Yes
5482956,800,51514,262835,927,493,No
836441,220,388417,422898,866,786,No
7605787,517,457046,352498,474,780,No
2256567,806,16601,102033,705,989,Yes
3951223,714,215527,420630,379,265,No
6689554,156,176628,449979,250,403,No
8843480,277,297958,181861,6,169,No
1016318,687,53829,147724,372,719,Yes
4057398,927,213558,195206,478,877,Yes
2147847,117,412437,495701,420,101,Yes
7777955,444,277601,212581,215,727,No
5210547,947,496373,227481,531,991,Yes
5728911,995,463367,316564,902,623,Yes
7212290,390,268052,251339,915,90,No
7502160,429,47668,24416,382,642,No
5999129,850,127252,21869,592,945,Yes
2103194,971,222884,68937,451,317,Yes
2051575,859,68437,112170,607,129,No
444881,940,163770,312245,740,750,Yes
5451223,164,78650,425147,909,505,No
3415199,14,131007,250699,431,712,Yes
1791957,750,334081,20403,41,179,No
4464962,639,61996,400248,500,258,Yes
6736699,418,33222,60436,202,87,No
7973259,553,155078,266259,225,636,No
7746427,371,56582,146241,813,419,No
9974470,334,338480,337752,8,172,No
1221836,635,210391,221681,600,953,No
5151557,742,215288,66601,320,790,No
3977332,701,178882,77976,555,526,Yes
411662,420,201397,134189,396,736,Yes
11427,276,292316,75190,857,112,Yes
6256238,116,391738,369135,773,121,Yes
4756581,51,70169,166187,991,311,No
3015369,91,111761,258935,776,717,Yes
3372805,774,400556,221201,694,273,Yes
1688073,92,156740,241507,773,575,Yes
2694667,826,126759,346668,871,557,No
4863053,910,63350,378876,622,433,Yes
1594029,142,45690,344099,622,281,Yes
5058910,196,356707,299685,684,458,Yes
3028647,330,389495,251600,627,499,No
9980796,792,334745,131448,627,280,Yes
8270273,217,2211,381122,814,415,Yes
2560682,169,480141,168382,295,692,Yes
3084304,477,471403,308444,919,377,No
619267,268,16841,225640,580,4,Yes
5935059,724,483322,321890,81,192,Yes
4609232,509,364244,343211,417,210,Yes
2458809,514,355284,447778,289,140,Yes
6849021,780,148041,351355,531,698,Yes
3460198,322,71267,47392,112,170,No
8288080,336,451816,360424,31,931,No
4626361,748,171175,180893,786,6,Yes
4224900,353,91725,396880,656,501,No
6135193,425,447443,373392,132,47,Yes
2721380,525,367414,82992,67,784,Yes
7929728,282,242230,99998,368,458,Yes
3136211,965,193377,159298,713,984,No
3459294,181,76805,489912,874,290,No
1515498,636,205620,278341,51,373,Yes
5454323,467,60066,283441,632,793,Yes
3015288,199,481954,161866,716,796,Yes
4616648,329,462253,372188,482,814,Yes
1814300,757,157423,301019,4,50,No
1796496,660,495754,129654,572,728,Yes
43363,284,314989,111697,571,136,Yes
5672566,544,490261,325340,900,819,No
3245104,565,34316,166895,256,860,No
8652142,88,234207,313286,397,183,Yes
4640054,821,203656,82274,478,106,No
4009379,63,75925,298322,855,32,Yes
4608541,713,415277,466644,188,77,No
6030432,712,38080,85047,409,225,No
2156688,627,323159,218217,195,520,Yes
7780427,39,280328,83615,833,287,Yes
376738,720,347638,20744,121,689,Yes
121036,67,282085,30558,808,798,No
6157271,138,108859,41147,134,106,No
7039433,83,129462,261443,196,482,No
6286366,479,352465,91523,275,861,Yes
3586372,672,255377,227635,205,434,No
7753614,218,468514,288812,682,200,Yes
5105206,792,219149,157033,992,987,Yes
53324,233,89016,149306,604,399,No
4056006,943,190246,379768,472,502,No
3600767,214,192253,111734,798,498,No
1153290,293,62086,257271,248,272,Yes
5349397,456,319038,353508,255,502,Yes
6566940,876,14558,133142,877,823,Yes
1894190,402,249598,403975,240,365,No
619496,241,104337,220940,592,598,No
4806914,198,187364,397095,479,507,No
7889170,288,332854,78105,251,171,Yes
7274542,482,236216,3355,823,342,No
6808066,1,481326,144812,885,630,Yes
9360828,768,170436,74099,497,488,Yes
9309087,518,135327,173117,998,133,No
4371526,722,372592,376490,571,635,No
2194017,292,437903,173698,787,319,Yes
4375373,821,461914,466083,331,457,Yes
3656460,467,366100,289522,304,10,No
1230189,297,153939,264140,414,800,Yes
5853182,250,328691,235263,345,713,Yes
9361222,768,112232,340535,341,342,No
6342775,245,274964,165944,793,716,Yes
3883848,546,489222,494845,429,883,No
3692067,550,343222,442248,903,467,No
5654921,188,123373,426222,256,585,No
821024,26,346820,357527,618,907,No
2130099,392,211857,206205,599,261,No
3155157,407,43109,402875,384,103,Yes
398707,565,77470,18118,866,398,Yes
7163812,565,140170,366531,358,693,No
3075798,615,358823,195814,426,319,No
7021340,382,422197,262032,260,681,No
120855,417,299426,62053,853,868,No
6087204,147,266968,358811,561,868,No
1690857,721,50693,207028,191,579,Yes
1942086,63,196444,256790,554,734,No
3927753,768,357127,371530,132,5,No
8928259,817,467956,66504,580,851,Yes
3712175,53,454767,55760,817,240,No
8442479,187,454342,106514,363,468,Yes
9068604,19,319616,301982,996,770,No
9541683,939,167904,373628,254,744,No
6927815,253,152644,44993,157,816,No
9299968,113,426796,449227,485,947,Yes
534000,504,475538,212485,21,19,Yes
2928229,659,45187,322925,619,254,No
7133828,203,62149,119972,327,317,Yes
1948276,603,430403,29698,14,521,No
2160752,143,317949,15402,280,223,Yes
4126124,821,462201,282394,740,704,No
8172847,815,445507,215904,990,491,No
3772322,863,5501,196271,31,672,Yes
2179569,304,274589,394375,652,406,No
8515499,776,229749,132809,332,480,No
4991647,720,220571,142920,822,660,No
985549,254,266823,65039,681,669,No
3242403,488,100926,247839,194,708,No
4631196,672,431199,459285,442,251,No
507080,215,216560,452986,40,307,Yes
1714082,559,266902,227141,393,508,No
2427814,860,287906,129164,133,596,No
408901,75,367857,63807,745,995,Yes
9091176,535,155381,131602,116,142,Yes
8516616,551,254173,177007,826,53,No
2597271,250,93540,436624,516,42,Yes
4836462,94,70091,162877,140,856,Yes
7490270,267,251289,479187,873,126,Yes
8067004,658,222784,262270,505,102,No
4160801,279,25728,148250,363,214,No
2505926,527,110601,460859,911,827,Yes
4195376,503,102868,387539,998,76,Yes
8985478,765,330224,167878,155,539,No
9087517,689,435781,454842,222,189,Yes
258640,869,130665,88037,102,21,Yes
1105184,762,62767,373895,331,765,Yes
5040051,67,407696,424059,729,532,No
4734942,19,124104,126358,697,662,Yes
7036999,465,316262,188932,881,847,Yes
1654686,381,269190,153993,887,519,Yes
3855683,182,5693,126023,336,655,Yes
8079492,779,188990,345958,738,346,No
1500411,788,385687,159887,835,950,Yes
9012280,754,300069,46831,369,8,No
5710686,283,73710,39859,816,916,Yes
5151150,990,451298,256271,631,387,No
2430042,835,366639,44530,220,925,Yes
3604766,375,420615,146128,773,670,No
3038337,615,154400,415701,718,480,No
6788253,341,142333,221615,205,671,Yes
413475,425,280554,142626,655,414,Yes
5692334,821,26218,26749,319,8,No
8371726,7,3812,49456,59,261,Yes
6047382,197,15358,181412,445,854,No
1205105,187,77343,76014,532,100,Yes
3995182,532,455216,127350,746,971,No
184795,562,407617,344901,604,544,No
6048531,637,471197,217894,945,818,No
397959,878,436490,114594,896,94,No
3188427,450,435693,417438,283,866,Yes
8976405,197,199900,380285,113,232,No
2791724,60,262838,363049,393,862,No
7626891,673,208542,230033,709,747,Yes
5733576,636,64266,153161,663,799,Yes
2751892,450,195961,448761,959,655,Yes
561772,472,445771,309152,254,466,Yes
6913729,453,430930,126716,512,749,Yes
2471185,614,125627,465456,816,238,No
4584999,648,409545,495321,669,802,No
8279545,750,362854,90896,169,607,Yes
2150576,313,312404,361891,297,327,No
9330388,225,122316,125348,345,843,No
4746178,794,296747,144319,57,828,Yes
7939203,456,313485,404359,225,534,No
479737,888,429770,413674,660,1,Yes
5685480,148,387191,310735,606,149,No
1733123,491,94695,230365,61,215,No
9551265,8,381089,152148,841,921,No
3193168,976,365123,483654,883,768,No
8123486,80,16220,344147,790,232,Yes
8767381,606,337647,343877,779,860,No
4846745,538,244446,69323,604,32,No
4085771,795,47429,328110,579,92,Yes
8693683,652,170036,268088,4,332,No
8510090,814,57161,297052,310,115,Yes
6223148,502,366741,442045,676,391,Yes
9392023,692,130204,304197,377,855,Yes
4342371,705,347858,253946,202,764,Yes
8478441,710,375247,56522,905,339,Yes
1954835,898,375473,200799,812,938,No
6921205,60,457210,119609,311,42,Yes
6193067,825,71315,127095,947,792,Yes
2916253,43,169176,119856,223,848,Yes
9283699,78,45680,312596,640,130,No
1477097,5,484201,469386,902,962,Yes
1297604,569,447680,111429,727,284,No
1686347,263,423014,255946,670,492,Yes
6257477,46,142193,466686,664,502,No
6235940,165,343065,329565,582,229,No
1951848,162,237287,84571,581,822,Yes
7743687,735,216074,31642,821,209,Yes
5753563,467,188207,469497,501,843,No
1345108,435,370063,428141,350,255,No
3961160,273,406968,16626,171,709,No
303698,83,387301,142639,92,572,No
1102649,174,377851,195476,746,234,Yes
6454565,203,221675,494855,679,655,Yes
9519795,367,44222,367435,295,436,No
7788340,316,1915,74852,834,278,Yes
581697,20,267174,166288,971,904,No
1991234,479,109048,263239,457,77,No
9152971,218,270786,78378,194,683,No
5623734,768,224393,215596,786,506,Yes
2970498,295,413116,119823,77,765,Yes
1250624,784,173475,213286,497,748,Yes
5085862,840,409025,109363,463,558,No
618740,791,412374,402828,566,638,No
6451076,566,90207,46131,946,424,No
9340102,723,96968,58922,625,675,No
4149428,188,42141,174524,904,647,Yes
7046445,652,442198,110087,243,233,Yes
6490935,748,19901,225287,763,349,No
9819702,696,381218,473800,446,667,Yes
9867689,354,322038,395684,857,120,No
1286771,242,376299,98762,72,810,Yes
4452080,946,389106,160853,467,762,No
9502598,727,410633,470694,187,830,Yes
6832400,497,89973,207327,605,458,No
1336968,343,105784,31297,89,877,No
5887416,744,136540,392425,230,354,Yes
7665179,455,475509,352875,672,480,No
4674889,151,7977,148666,442,38,Yes
7233955,217,318098,459717,270,459,Yes
1103017,595,378404,214234,576,379,No
4761708,63,29475,487360,251,317,Yes
9457370,145,198883,401307,857,386,Yes
8751390,75,365442,172733,571,588,Yes
1202720,870,199555,343881,18,784,Yes
1707700,630,135789,316031,29,469,Yes
3581878,435,316297,342466,582,4,Yes
26826,455,142195,320547,742,969,No
1796978,574,424173,494096,43,991,No
8822893,864,452164,171115,270,801,Yes
6779691,330,87992,374596,933,330,Yes
1624026,989,60706,314125,44,941,No
6485577,821,267484,483075,337,870,No
4437442,523,201294,349424,514,699,Yes
3966670,579,28750,216633,451,503,No
9294911,78,34799,72650,138,205,No
9346270,855,338877,5432,923,800,Yes
5798686,661,47711,128387,711,45,Yes
3369811,135,8876,416049,701,478,Yes
7520462,733,381796,461542,686,3,Yes
969945,848,177421,53986,582,818,Yes
7039248,934,439797,330442,262,761,Yes
2067052,700,103788,345505,690,605,No
660985,217,210402,64450,82,213,Yes
4617157,920,323962,257234,587,746,Yes
7954517,710,360141,256030,12,208,No
9895997,771,334246,142560,464,234,Yes
4836451,438,403508,160726,89,926,Yes
7668368,548,70012,300487,472,953,Yes
4663956,771,358040,189215,910,75,No
4943806,480,393755,387654,869,705,Yes
7080918,982,169672,232078,573,214,No
7554163,559,333042,105152,724,745,No
3164411,991,493610,336208,989,314,No
4547653,730,407839,430420,848,516,No
694813,597,193743,19716,577,467,Yes
2089369,100,406455,377010,545,38,No
3658762,624,422070,278169,863,831,Yes
5783293,51,463347,175131,697,87,No
6851392,599,114030,116823,273,611,No
7135179,622,181456,307797,792,602,No
9017434,865,450283,362088,383,910,No
6120777,4,147141,46849,272,712,No
990728,315,224002,232750,741,823,No
6860042,491,152924,336705,294,762,Yes
3594242,411,409253,385328,52,544,No
9665539,317,270625,133490,490,955,Yes
3320903,96,49064,97003,863,94,Yes
4897307,662,228834,279647,339,325,Yes
8103900,366,235614,243632,888,369,No
8439481,747,423295,334325,73,683,Yes
8609774,699,446398,312752,111,633,Yes
1252644,386,495577,483862,694,154,Yes
7859484,881,77208,215897,331,254,Yes
1857531,486,255907,84244,416,181,No
4082694,92,315120,300060,211,241,Yes
1309481,740,359529,124395,874,53,No
5860842,230,334243,382700,73,149,No
6088240,105,479006,437932,422,634,Yes
416178,737,56537,268062,456,591,No
1065114,741,100668,251625,632,124,No
9734513,472,152562,76091,868,215,No
1614321,342,163211,262608,911,677,No
6570559,592,227966,156074,41,596,Yes
1216075,599,162117,300279,911,810,No
2774557,336,83226,415064,371,784,Yes
5544401,78,107191,360765,171,28,Yes
6900343,858,481692,302594,375,206,No
9744702,185,134221,298248,485,717,No
3757532,195,433889,33232,528,94,Yes
3617001,413,247484,483170,389,393,Yes
1071530,735,351856,419153,614,610,No
62750,559,327730,40156,577,152,No
8939492,429,306920,264745,664,214,Yes
4533769,449,204875,319146,354,959,Yes
4857765,302,385297,163369,428,540,Yes
3319935,846,386371,304891,400,179,No
9440115,561,213793,68017,312,430,Yes
2237984,523,312879,271012,182,209,Yes
8640346,301,6910,38550,596,919,Yes
2537140,889,462453,356253,753,534,No
890543,943,87256,425792,172,224,Yes
9744444,286,50075,377206,42,990,Yes
7000276,379,250033,399798,912,45,Yes
2694889,598,155543,46478,352,326,No
7039288,958,325796,304420,579,20,Yes
7643489,208,36498,43989,120,139,Yes
5978419,433,397372,283289,501,715,No
8259181,390,131319,252254,807,278,Yes
7487998,475,422288,53236,147,307,Yes
9077928,269,352975,16659,152,19,No
349118,901,497771,467158,385,462,Yes
9098352,904,23696,142390,338,234,No
7428093,416,276368,202616,371,898,No
8421856,157,141369,13401,725,822,No
333025,218,305658,457662,456,555,No
1977598,772,139927,261839,53,822,Yes
1210489,167,212880,303686,732,530,No
82306,57,400092,163716,909,313,Yes
3562532,677,293848,10326,946,197,No
3077955,910,352028,119879,174,254,Yes
3259583,372,477095,455352,831,944,Yes
5323705,714,350334,369484,353,573,Yes
4682339,610,432527,66545,324,265,Yes
2339818,757,441100,213715,852,255,No
5788700,690,70329,94952,658,376,No
8677534,556,494338,319223,123,586,Yes
9723446,550,3603,447759,839,88,No
5840547,678,300476,200916,958,564,No
3351817,148,30839,266779,650,4,Yes
5341995,788,60559,133974,738,198,No
3566501,18,214662,499082,115,269,Yes
8512542,479,93500,30241,639,241,Yes
8493895,969,285250,99145,390,933,Yes
5293497,366,342154,338927,437,892,Yes
5272084,536,405316,327966,395,469,No
2606174,774,457039,105168,737,900,Yes
2804703,683,56150,230284,621,256,Yes
3970974,257,395998,375139,331,627,No
8804462,733,347042,499870,41,135,Yes
4817680,576,401798,459112,527,30,No
9856822,664,280643,49161,30,192,Yes
7488696,663,116879,365863,835,906,No
1174430,472,196616,31123,707,271,No
6800327,704,404322,107386,660,508,Yes
3624874,603,234849,232092,822,604,No
2991967,464,1051,353258,123,743,No
8167972,634,425842,294138,423,420,No
858836,583,75337,324489,156,610,No
9768364,961,458754,85043,371,699,No
7449947,785,427954,22322,301,740,Yes
9253237,699,434307,324184,127,17,Yes
9291195,965,287761,183319,416,993,No
3207771,190,34645,305205,88,185,No
1006255,431,258241,307251,548,364,No
6913364,962,342314,321233,775,658,No
6212403,844,424035,256688,132,772,Yes
8347659,837,118650,137696,487,985,No
3542144,695,41491,223669,352,17,Yes
9400374,868,108635,95891,907,989,No
9573111,171,496918,184342,297,954,No
9002152,500,444399,111393,696,340,Yes
9949136,249,169999,103477,748,379,Yes
2550030,815,290698,250761,448,638,No
7160265,734,104716,93341,775,835,No
4168348,637,8815,461956,419,583,No
6116410,140,126223,473826,187,1,No
7895612,721,456178,474047,423,918,No
6060030,646,389831,362345,196,56,Yes
1931191,457,345432,105023,563,173,No
5729620,583,410775,432836,888,821,No
3809340,398,89047,196632,183,474,No
9746145,321,364734,496444,114,580,Yes
7479350,661,245986,374859,885,956,Yes
3930708,415,8375,336545,141,738,No
9318168,445,456160,334291,881,157,Yes
6809732,459,402496,272381,417,535,No
8323330,163,208676,495368,593,671,No
3680077,764,491451,350341,933,908,Yes
6206096,952,140479,359056,279,77,No
395360,839,417079,413398,848,62,Yes
7850880,880,390754,264411,492,321,No
7087033,437,240473,389698,386,490,No
5092511,486,125619,28826,514,294,Yes
6195019,515,130310,439731,136,301,No
9461455,525,81115,66647,773,806,Yes
9234444,294,322701,15237,692,397,No
2314964,974,488249,430764,92,118,No
5144062,681,99702,292432,115,469,No
3935277,184,464623,173340,69,191,Yes
1946125,8,78556,241993,647,874,Yes
5567122,947,248603,236213,815,464,No
2838636,546,313481,33575,476,366,Yes
8661463,387,36323,385521,727,893,No
9918355,296,312577,82814,698,533,Yes
4293530,418,467723,261740,470,994,No
6808508,612,438706,204620,747,388,No
3436327,966,69671,374308,268,546,Yes
1591291,493,464703,41689,918,260,Yes
1178648,446,277711,70266,796,414,No
1149728,325,235968,472074,579,228,Yes
9636498,583,75990,160157,532,85,Yes
2350384,829,42021,136827,170,394,Yes
5025236,459,354168,14745,657,566,Yes
6913876,71,300084,342220,484,20,Yes
1432708,668,473672,233714,669,701,Yes
7758200,650,358231,390018,687,45,No
1700410,344,327567,322667,920,529,No
2827220,626,181938,100876,516,937,No
8038290,543,153218,312419,143,978,Yes
4121510,172,395682,437655,598,430,No
6061016,634,218651,433341,216,336,Yes
8182665,794,451426,151804,974,29,No
2968831,211,306630,242243,317,830,Yes
1272839,41,162138,36762,708,790,No
6299162,220,94411,271644,727,568,Yes
7696723,663,437543,488148,306,312,Yes
6251718,146,333829,181628,322,874,Yes
5507656,383,201674,370614,540,435,Yes
9907797,377,315951,84519,334,670,No
1498446,341,260789,73082,944,162,Yes
3517368,91,12438,95985,545,757,No
9419263,886,173529,416199,648,550,Yes
8948086,3,263448,258964,472,956,No
6812802,397,44141,243859,132,584,Yes
8090816,446,133631,475597,363,721,Yes
9666642,691,291487,188554,805,28,No
2248440,518,24661,317758,2,796,No
9497502,664,273733,130873,928,237,No
